{
  "timestamp": "2025-12-16T22:12:11.291178",
  "experiment_config": {
    "num_runs": 1,
    "total_apis": 200,
    "provider": "groq",
    "model": "llama-3.3-70b-versatile",
    "temperature": 0.0
  },
  "overall_metrics": {
    "f1_macro": 0.7045263590487169,
    "f1_micro": 0.82,
    "accuracy": 0.82,
    "precision_macro": 0.6999681662272242,
    "recall_macro": 0.7194621898569267,
    "valid_samples": 200,
    "total_samples": 200,
    "krippendorff_alpha": 0.0,
    "unique_labels_count": 10
  },
  "per_category_metrics": {
    "banking": {
      "precision": 0.8333333333333334,
      "recall": 0.9090909090909091,
      "f1_score": 0.8695652173913043,
      "support": 33
    },
    "blockchain": {
      "precision": 0.9285714285714286,
      "recall": 0.9285714285714286,
      "f1_score": 0.9285714285714286,
      "support": 14
    },
    "client": {
      "precision": 0.5925925925925926,
      "recall": 0.8888888888888888,
      "f1_score": 0.7111111111111111,
      "support": 18
    },
    "currency": {
      "precision": 0.9230769230769231,
      "recall": 0.9230769230769231,
      "f1_score": 0.9230769230769231,
      "support": 13
    },
    "loan-mortgage": {
      "precision": 0.9565217391304348,
      "recall": 0.9166666666666666,
      "f1_score": 0.9361702127659575,
      "support": 24
    },
    "no_consensus": {
      "precision": 0.0,
      "recall": 0.0,
      "f1_score": 0.0,
      "support": 4
    },
    "other": {
      "precision": 0.0,
      "recall": 0.0,
      "f1_score": 0.0,
      "support": 7
    },
    "payment": {
      "precision": 0.6923076923076923,
      "recall": 0.9,
      "f1_score": 0.782608695652174,
      "support": 20
    },
    "savings": {
      "precision": 0.875,
      "recall": 0.7777777777777778,
      "f1_score": 0.8235294117647058,
      "support": 18
    },
    "trading": {
      "precision": 0.8125,
      "recall": 0.8666666666666667,
      "f1_score": 0.8387096774193549,
      "support": 15
    },
    "transfer": {
      "precision": 1.0,
      "recall": 0.7894736842105263,
      "f1_score": 0.8823529411764706,
      "support": 19
    },
    "user-password": {
      "precision": 0.7857142857142857,
      "recall": 0.7333333333333333,
      "f1_score": 0.7586206896551724,
      "support": 15
    }
  }
}